"","Tm","W","Yr"
"1","MNL",1,1953
"2","NYK",0.666666666666667,1953
"3","FTW",0.444444444444444,1953
"4","BOS",0.333333333333333,1953
"5","ROC",0.111111111111111,1953
