"","Tm","W","Yr"
"1","MNL",1,1954
"2","SYR",1,1954
"3","ROC",0.333333333333333,1954
"4","BOS",0.222222222222222,1954
