"","Tm","W","Yr"
"1","PHW",1,1956
"2","SYR",0.714285714285714,1956
"3","FTW",0.571428571428571,1956
"4","STL",0.571428571428571,1956
"5","MNL",0.285714285714286,1956
"6","BOS",0.142857142857143,1956
