"","Tm","W","Yr"
"1","BOS",1,1966
"2","LAL",0.636363636363636,1966
"3","STL",0.545454545454545,1966
"4","CIN",0.181818181818182,1966
"5","PHI",0.0909090909090909,1966
