"","Tm","W","Yr"
"1","HOU",1,1994
"2","NYK",0.933333333333333,1994
"3","IND",0.666666666666667,1994
"4","UTA",0.533333333333333,1994
"5","CHI",0.4,1994
"6","DEN",0.4,1994
"7","PHO",0.4,1994
"8","ATL",0.333333333333333,1994
"9","MIA",0.133333333333333,1994
"10","SEA",0.133333333333333,1994
"11","NJN",0.0666666666666667,1994
"12","POR",0.0666666666666667,1994
"13","SAS",0.0666666666666667,1994
