"","Tm","W","Yr"
"1","HOU",1,1995
"2","ORL",0.733333333333333,1995
"3","IND",0.666666666666667,1995
"4","SAS",0.6,1995
"5","NYK",0.4,1995
"6","PHO",0.4,1995
"7","CHI",0.333333333333333,1995
"8","LAL",0.333333333333333,1995
"9","UTA",0.133333333333333,1995
"10","BOS",0.0666666666666667,1995
"11","CHO",0.0666666666666667,1995
"12","CLE",0.0666666666666667,1995
"13","SEA",0.0666666666666667,1995
