"","Tm","W","Yr"
"1","CHI",1,1996
"2","SEA",0.866666666666667,1996
"3","UTA",0.666666666666667,1996
"4","ORL",0.466666666666667,1996
"5","SAS",0.333333333333333,1996
"6","ATL",0.266666666666667,1996
"7","NYK",0.266666666666667,1996
"8","HOU",0.2,1996
"9","IND",0.133333333333333,1996
"10","POR",0.133333333333333,1996
"11","LAL",0.0666666666666667,1996
"12","PHO",0.0666666666666667,1996
"13","SAC",0.0666666666666667,1996
