"","Tm","W","Yr"
"1","LAL",1,2000
"2","IND",0.866666666666667,2000
"3","POR",0.666666666666667,2000
"4","NYK",0.6,2000
"5","MIA",0.4,2000
"6","PHI",0.333333333333333,2000
"7","PHO",0.266666666666667,2000
"8","UTA",0.266666666666667,2000
"9","MIL",0.133333333333333,2000
"10","SAC",0.133333333333333,2000
"11","SEA",0.133333333333333,2000
"12","CHO",0.0666666666666667,2000
"13","MIN",0.0666666666666667,2000
"14","SAS",0.0666666666666667,2000
